0.000000000000000000e+00,0.000000000000000000e+00
1.000000000000000000e+00,2.006999999999999895e-01
2.000000000000000000e+00,3.563999999999999391e-01
3.000000000000000000e+00,4.730000000000000315e-01
4.000000000000000000e+00,5.800999999999999490e-01
5.000000000000000000e+00,6.878999999999997339e-01
6.000000000000000000e+00,7.823999999999995403e-01
7.000000000000000000e+00,8.608999999999997765e-01
8.000000000000000000e+00,9.432999999999998053e-01
9.000000000000000000e+00,1.026200000000000001e+00
1.000000000000000000e+01,1.115400000000000613e+00
1.100000000000000000e+01,1.213100000000000067e+00
1.200000000000000000e+01,1.287300000000000111e+00
1.300000000000000000e+01,1.328999999999999959e+00
1.400000000000000000e+01,1.390399999999999858e+00
1.500000000000000000e+01,1.451399999999998913e+00
1.600000000000000000e+01,1.499200000000000532e+00
1.700000000000000000e+01,1.570700000000001095e+00
1.800000000000000000e+01,1.628699999999999370e+00
1.900000000000000000e+01,1.671699999999999964e+00
2.000000000000000000e+01,1.735300000000000065e+00
2.100000000000000000e+01,1.804100000000000259e+00
2.200000000000000000e+01,1.839199999999999280e+00
2.300000000000000000e+01,1.890299999999999647e+00
2.400000000000000000e+01,1.945800000000000418e+00
2.500000000000000000e+01,1.974099999999999300e+00
2.600000000000000000e+01,2.025800000000000267e+00
2.700000000000000000e+01,2.066500000000000004e+00
2.800000000000000000e+01,2.127799999999999692e+00
2.900000000000000000e+01,2.165100000000000691e+00
3.000000000000000000e+01,2.195399999999999796e+00
3.100000000000000000e+01,2.233399999999999608e+00
3.200000000000000000e+01,2.276700000000000390e+00
3.300000000000000000e+01,2.333699999999999886e+00
3.400000000000000000e+01,2.384399999999998965e+00
3.500000000000000000e+01,2.435400000000000009e+00
3.600000000000000000e+01,2.478799999999999226e+00
3.700000000000000000e+01,2.520000000000000018e+00
3.800000000000000000e+01,2.517199999999999882e+00
3.900000000000000000e+01,2.576400000000000023e+00
4.000000000000000000e+01,2.666400000000001214e+00
4.100000000000000000e+01,2.706500000000000128e+00
4.200000000000000000e+01,2.745499999999999385e+00
4.300000000000000000e+01,2.783400000000000318e+00
4.400000000000000000e+01,2.845099999999999962e+00
4.500000000000000000e+01,2.874600000000000488e+00
4.600000000000000000e+01,2.895199999999999108e+00
4.700000000000000000e+01,2.907599999999999518e+00
4.800000000000000000e+01,2.946299999999999475e+00
4.900000000000000000e+01,2.960599999999999454e+00
5.000000000000000000e+01,2.988299999999999734e+00
5.100000000000000000e+01,3.018899999999998585e+00
5.200000000000000000e+01,3.035999999999998700e+00
5.300000000000000000e+01,3.055400000000000116e+00
5.400000000000000000e+01,3.099300000000000832e+00
5.500000000000000000e+01,3.131699999999999484e+00
5.600000000000000000e+01,3.200299999999999923e+00
5.700000000000000000e+01,3.221899999999999320e+00
5.800000000000000000e+01,3.236300000000001731e+00
5.900000000000000000e+01,3.252899999999999014e+00
6.000000000000000000e+01,3.290300000000000669e+00
6.100000000000000000e+01,3.323599999999999444e+00
6.200000000000000000e+01,3.373899999999998123e+00
6.300000000000000000e+01,3.403499999999999748e+00
6.400000000000000000e+01,3.441399999999999793e+00
6.500000000000000000e+01,3.467800000000000438e+00
6.600000000000000000e+01,3.484199999999999964e+00
6.700000000000000000e+01,3.478700000000001680e+00
6.800000000000000000e+01,3.528599999999998627e+00
6.900000000000000000e+01,3.542399999999998883e+00
7.000000000000000000e+01,3.568300000000001138e+00
7.100000000000000000e+01,3.573399999999999022e+00
7.200000000000000000e+01,3.584099999999999842e+00
7.300000000000000000e+01,3.593199999999999505e+00
7.400000000000000000e+01,3.621200000000000419e+00
7.500000000000000000e+01,3.672300000000001674e+00
7.600000000000000000e+01,3.669499999999999318e+00
7.700000000000000000e+01,3.673600000000001309e+00
7.800000000000000000e+01,3.695700000000001761e+00
7.900000000000000000e+01,3.733500000000000263e+00
8.000000000000000000e+01,3.814499999999999780e+00
8.100000000000000000e+01,3.835099999999998843e+00
8.200000000000000000e+01,3.822300000000001141e+00
8.300000000000000000e+01,3.855300000000001504e+00
8.400000000000000000e+01,3.861199999999998855e+00
8.500000000000000000e+01,3.883800000000000363e+00
8.600000000000000000e+01,3.957599999999998897e+00
8.700000000000000000e+01,3.985900000000001331e+00
8.800000000000000000e+01,4.022900000000001697e+00
8.900000000000000000e+01,4.049199999999999022e+00
9.000000000000000000e+01,4.066200000000000259e+00
9.100000000000000000e+01,4.106400000000000716e+00
9.200000000000000000e+01,4.120799999999998242e+00
9.300000000000000000e+01,4.152000000000000135e+00
9.400000000000000000e+01,4.176599999999999646e+00
9.500000000000000000e+01,4.191100000000002268e+00
9.600000000000000000e+01,4.203399999999998471e+00
9.700000000000000000e+01,4.225500000000001144e+00
9.800000000000000000e+01,4.238600000000001700e+00
9.900000000000000000e+01,4.260099999999999554e+00
1.000000000000000000e+02,4.254799999999997695e+00
1.010000000000000000e+02,4.290299999999999336e+00
1.020000000000000000e+02,4.329000000000000625e+00
1.030000000000000000e+02,4.328999999999998849e+00
1.040000000000000000e+02,4.321699999999998987e+00
1.050000000000000000e+02,4.354699999999999349e+00
1.060000000000000000e+02,4.385999999999998344e+00
1.070000000000000000e+02,4.395599999999999064e+00
1.080000000000000000e+02,4.411100000000000243e+00
1.090000000000000000e+02,4.426899999999999835e+00
1.100000000000000000e+02,4.468199999999998617e+00
1.110000000000000000e+02,4.487900000000000666e+00
1.120000000000000000e+02,4.505499999999999616e+00
1.130000000000000000e+02,4.549599999999998978e+00
1.140000000000000000e+02,4.543199999999998795e+00
1.150000000000000000e+02,4.613900000000000112e+00
1.160000000000000000e+02,4.663000000000000256e+00
1.170000000000000000e+02,4.658800000000000274e+00
1.180000000000000000e+02,4.667800000000000615e+00
1.190000000000000000e+02,4.685799999999999521e+00
1.200000000000000000e+02,4.688100000000000378e+00
1.210000000000000000e+02,4.688600000000000989e+00
1.220000000000000000e+02,4.712799999999999656e+00
1.230000000000000000e+02,4.715300000000000047e+00
1.240000000000000000e+02,4.763700000000000934e+00
1.250000000000000000e+02,4.766000000000000014e+00
1.260000000000000000e+02,4.786000000000002252e+00
1.270000000000000000e+02,4.810800000000000409e+00
1.280000000000000000e+02,4.811099999999997934e+00
1.290000000000000000e+02,4.861599999999999255e+00
1.300000000000000000e+02,4.863299999999998846e+00
1.310000000000000000e+02,4.886300000000000310e+00
1.320000000000000000e+02,4.873299999999998633e+00
1.330000000000000000e+02,4.895099999999998452e+00
1.340000000000000000e+02,4.878000000000000114e+00
1.350000000000000000e+02,4.942900000000000738e+00
1.360000000000000000e+02,4.972999999999999865e+00
1.370000000000000000e+02,4.967900000000000205e+00
1.380000000000000000e+02,5.021500000000002295e+00
1.390000000000000000e+02,5.017799999999999372e+00
1.400000000000000000e+02,5.028999999999999915e+00
1.410000000000000000e+02,5.039500000000001201e+00
1.420000000000000000e+02,5.070200000000001594e+00
1.430000000000000000e+02,5.111200000000001076e+00
1.440000000000000000e+02,5.134799999999999365e+00
1.450000000000000000e+02,5.129600000000001714e+00
1.460000000000000000e+02,5.184000000000001052e+00
1.470000000000000000e+02,5.229800000000000892e+00
1.480000000000000000e+02,5.214199999999999946e+00
1.490000000000000000e+02,5.232800000000001006e+00
1.500000000000000000e+02,5.274799999999999045e+00
1.510000000000000000e+02,5.307599999999997209e+00
1.520000000000000000e+02,5.264399999999997526e+00
1.530000000000000000e+02,5.312200000000000699e+00
1.540000000000000000e+02,5.295500000000000540e+00
1.550000000000000000e+02,5.343400000000002592e+00
1.560000000000000000e+02,5.371000000000001329e+00
1.570000000000000000e+02,5.377799999999999692e+00
1.580000000000000000e+02,5.398099999999999454e+00
1.590000000000000000e+02,5.413900000000000823e+00
1.600000000000000000e+02,5.454699999999998994e+00
1.610000000000000000e+02,5.477899999999999991e+00
1.620000000000000000e+02,5.497600000000000264e+00
1.630000000000000000e+02,5.528599999999998182e+00
1.640000000000000000e+02,5.530800000000000161e+00
1.650000000000000000e+02,5.523199999999998333e+00
1.660000000000000000e+02,5.544899999999999274e+00
1.670000000000000000e+02,5.568799999999999528e+00
1.680000000000000000e+02,5.541900000000002713e+00
1.690000000000000000e+02,5.530800000000000161e+00
1.700000000000000000e+02,5.586099999999999177e+00
1.710000000000000000e+02,5.608099999999998531e+00
1.720000000000000000e+02,5.632300000000001639e+00
1.730000000000000000e+02,5.669100000000002915e+00
1.740000000000000000e+02,5.650999999999998025e+00
1.750000000000000000e+02,5.642099999999999227e+00
1.760000000000000000e+02,5.656600000000000072e+00
1.770000000000000000e+02,5.655900000000002592e+00
1.780000000000000000e+02,5.677199999999999136e+00
1.790000000000000000e+02,5.661900000000000155e+00
1.800000000000000000e+02,5.664900000000000269e+00
1.810000000000000000e+02,5.677900000000001945e+00
1.820000000000000000e+02,5.661699999999997068e+00
1.830000000000000000e+02,5.661199999999999122e+00
1.840000000000000000e+02,5.704500000000001236e+00
1.850000000000000000e+02,5.754900000000000126e+00
1.860000000000000000e+02,5.748400000000001064e+00
1.870000000000000000e+02,5.760800000000000587e+00
1.880000000000000000e+02,5.787099999999998801e+00
1.890000000000000000e+02,5.773799999999998711e+00
1.900000000000000000e+02,5.815700000000000536e+00
1.910000000000000000e+02,5.836199999999998944e+00
1.920000000000000000e+02,5.856400000000000716e+00
1.930000000000000000e+02,5.866900000000002002e+00
1.940000000000000000e+02,5.869199999999997530e+00
1.950000000000000000e+02,5.850400000000000489e+00
1.960000000000000000e+02,5.882000000000000561e+00
1.970000000000000000e+02,5.915300000000001113e+00
1.980000000000000000e+02,5.886799999999994704e+00
1.990000000000000000e+02,5.892199999999998106e+00
2.000000000000000000e+02,5.878699999999998482e+00
2.010000000000000000e+02,5.894399999999998307e+00
2.020000000000000000e+02,5.925700000000000855e+00
2.030000000000000000e+02,5.948699999999998766e+00
2.040000000000000000e+02,5.990799999999999237e+00
2.050000000000000000e+02,5.975500000000000256e+00
2.060000000000000000e+02,6.002600000000003710e+00
2.070000000000000000e+02,6.005700000000002703e+00
2.080000000000000000e+02,6.011999999999996902e+00
2.090000000000000000e+02,6.052900000000002834e+00
2.100000000000000000e+02,6.081000000000002181e+00
2.110000000000000000e+02,6.079599999999999227e+00
2.120000000000000000e+02,6.121500000000000163e+00
2.130000000000000000e+02,6.133500000000000618e+00
2.140000000000000000e+02,6.175099999999999589e+00
2.150000000000000000e+02,6.190300000000002356e+00
2.160000000000000000e+02,6.202500000000002345e+00
2.170000000000000000e+02,6.269899999999999807e+00
2.180000000000000000e+02,6.309399999999998343e+00
2.190000000000000000e+02,6.249899999999999345e+00
2.200000000000000000e+02,6.303499999999998771e+00
2.210000000000000000e+02,6.324699999999996436e+00
2.220000000000000000e+02,6.308900000000001285e+00
2.230000000000000000e+02,6.310500000000002885e+00
2.240000000000000000e+02,6.310200000000003584e+00
2.250000000000000000e+02,6.353300000000000836e+00
2.260000000000000000e+02,6.382000000000004114e+00
2.270000000000000000e+02,6.414800000000000502e+00
2.280000000000000000e+02,6.427900000000001057e+00
2.290000000000000000e+02,6.431100000000002481e+00
2.300000000000000000e+02,6.441500000000002224e+00
2.310000000000000000e+02,6.470299999999999940e+00
2.320000000000000000e+02,6.463500000000001577e+00
2.330000000000000000e+02,6.458899999999999864e+00
2.340000000000000000e+02,6.473400000000002485e+00
2.350000000000000000e+02,6.469600000000000684e+00
2.360000000000000000e+02,6.473799999999998889e+00
2.370000000000000000e+02,6.445399999999999352e+00
2.380000000000000000e+02,6.462399999999998812e+00
2.390000000000000000e+02,6.503400000000002734e+00
2.400000000000000000e+02,6.474899999999998990e+00
2.410000000000000000e+02,6.493199999999998084e+00
2.420000000000000000e+02,6.540299999999997560e+00
2.430000000000000000e+02,6.546600000000004194e+00
2.440000000000000000e+02,6.483800000000001340e+00
2.450000000000000000e+02,6.499599999999998268e+00
2.460000000000000000e+02,6.566700000000000870e+00
2.470000000000000000e+02,6.541699999999998738e+00
2.480000000000000000e+02,6.562399999999999345e+00
2.490000000000000000e+02,6.557300000000000573e+00
2.500000000000000000e+02,6.582299999999996487e+00
2.510000000000000000e+02,6.613599999999999035e+00
2.520000000000000000e+02,6.623999999999998778e+00
2.530000000000000000e+02,6.649200000000000443e+00
2.540000000000000000e+02,6.701700000000004209e+00
2.550000000000000000e+02,6.771199999999998553e+00
2.560000000000000000e+02,6.797500000000001208e+00
2.570000000000000000e+02,6.845899999999999430e+00
2.580000000000000000e+02,6.839600000000001678e+00
2.590000000000000000e+02,6.817999999999999616e+00
2.600000000000000000e+02,6.846000000000000085e+00
2.610000000000000000e+02,6.862099999999998978e+00
2.620000000000000000e+02,6.836999999999997968e+00
2.630000000000000000e+02,6.848399999999998045e+00
2.640000000000000000e+02,6.831300000000001482e+00
2.650000000000000000e+02,6.888299999999998313e+00
2.660000000000000000e+02,6.920700000000001850e+00
2.670000000000000000e+02,6.913200000000002454e+00
2.680000000000000000e+02,6.937899999999999956e+00
2.690000000000000000e+02,6.958799999999999208e+00
2.700000000000000000e+02,7.006199999999998873e+00
2.710000000000000000e+02,7.018199999999996663e+00
2.720000000000000000e+02,7.058999999999997499e+00
2.730000000000000000e+02,7.040200000000002234e+00
2.740000000000000000e+02,7.035899999999997156e+00
2.750000000000000000e+02,7.079800000000000537e+00
2.760000000000000000e+02,7.025599999999999845e+00
2.770000000000000000e+02,7.081400000000002137e+00
2.780000000000000000e+02,7.065400000000003011e+00
2.790000000000000000e+02,7.128200000000000536e+00
2.800000000000000000e+02,7.161599999999996413e+00
2.810000000000000000e+02,7.144599999999997841e+00
2.820000000000000000e+02,7.160800000000000054e+00
2.830000000000000000e+02,7.139700000000001268e+00
2.840000000000000000e+02,7.132000000000001450e+00
2.850000000000000000e+02,7.170300000000001006e+00
2.860000000000000000e+02,7.200700000000000323e+00
2.870000000000000000e+02,7.260999999999999233e+00
2.880000000000000000e+02,7.303799999999998072e+00
2.890000000000000000e+02,7.343600000000003902e+00
2.900000000000000000e+02,7.344600000000002460e+00
2.910000000000000000e+02,7.334800000000000431e+00
2.920000000000000000e+02,7.330899999999998862e+00
2.930000000000000000e+02,7.351999999999996760e+00
2.940000000000000000e+02,7.331400000000002137e+00
2.950000000000000000e+02,7.338599999999998680e+00
2.960000000000000000e+02,7.391599999999999504e+00
2.970000000000000000e+02,7.375400000000000844e+00
2.980000000000000000e+02,7.387000000000000455e+00
2.990000000000000000e+02,7.414100000000002133e+00
3.000000000000000000e+02,7.442899999999998073e+00
3.010000000000000000e+02,7.453899999999999082e+00
3.020000000000000000e+02,7.473099999999999632e+00
3.030000000000000000e+02,7.470200000000001950e+00
3.040000000000000000e+02,7.510600000000000165e+00
3.050000000000000000e+02,7.500099999999997991e+00
3.060000000000000000e+02,7.510199999999998433e+00
3.070000000000000000e+02,7.515600000000001835e+00
3.080000000000000000e+02,7.510999999999994792e+00
3.090000000000000000e+02,7.566599999999997550e+00
3.100000000000000000e+02,7.623200000000000642e+00
3.110000000000000000e+02,7.621199999999999974e+00
3.120000000000000000e+02,7.589999999999998082e+00
3.130000000000000000e+02,7.613800000000000345e+00
3.140000000000000000e+02,7.623700000000002142e+00
3.150000000000000000e+02,7.599699999999995015e+00
3.160000000000000000e+02,7.654100000000000570e+00
3.170000000000000000e+02,7.661100000000000243e+00
3.180000000000000000e+02,7.650300000000003209e+00
3.190000000000000000e+02,7.677800000000001290e+00
3.200000000000000000e+02,7.667300000000002669e+00
3.210000000000000000e+02,7.672299999999999010e+00
3.220000000000000000e+02,7.716499999999997250e+00
3.230000000000000000e+02,7.745899999999998897e+00
3.240000000000000000e+02,7.746099999999997543e+00
3.250000000000000000e+02,7.745700000000002028e+00
3.260000000000000000e+02,7.750999999999999446e+00
3.270000000000000000e+02,7.714400000000000368e+00
3.280000000000000000e+02,7.703400000000001135e+00
3.290000000000000000e+02,7.749499999999995836e+00
3.300000000000000000e+02,7.736400000000000610e+00
3.310000000000000000e+02,7.738399999999997725e+00
3.320000000000000000e+02,7.709699999999997111e+00
3.330000000000000000e+02,7.703099999999998282e+00
3.340000000000000000e+02,7.730300000000000615e+00
3.350000000000000000e+02,7.747400000000001619e+00
3.360000000000000000e+02,7.770399999999999530e+00
3.370000000000000000e+02,7.778999999999999915e+00
3.380000000000000000e+02,7.753399999999998293e+00
3.390000000000000000e+02,7.791500000000002757e+00
3.400000000000000000e+02,7.803399999999999004e+00
3.410000000000000000e+02,7.798900000000000610e+00
3.420000000000000000e+02,7.834000000000000519e+00
3.430000000000000000e+02,7.832899999999999530e+00
3.440000000000000000e+02,7.825199999999998823e+00
3.450000000000000000e+02,7.879300000000003301e+00
3.460000000000000000e+02,7.843100000000001515e+00
3.470000000000000000e+02,7.861900000000000333e+00
3.480000000000000000e+02,7.910600000000000520e+00
3.490000000000000000e+02,7.924599999999998090e+00
3.500000000000000000e+02,7.925200000000001133e+00
3.510000000000000000e+02,7.930700000000004302e+00
3.520000000000000000e+02,7.870199999999999640e+00
3.530000000000000000e+02,7.896899999999999586e+00
3.540000000000000000e+02,7.911900000000000155e+00
3.550000000000000000e+02,7.906699999999999839e+00
3.560000000000000000e+02,7.945899999999999963e+00
3.570000000000000000e+02,7.970900000000000318e+00
3.580000000000000000e+02,8.005000000000002558e+00
3.590000000000000000e+02,8.000899999999999679e+00
3.600000000000000000e+02,8.081199999999997274e+00
3.610000000000000000e+02,8.070000000000007390e+00
3.620000000000000000e+02,8.048899999999999721e+00
3.630000000000000000e+02,8.063499999999999446e+00
3.640000000000000000e+02,8.062799999999999301e+00
3.650000000000000000e+02,8.061899999999996069e+00
3.660000000000000000e+02,8.114300000000000068e+00
3.670000000000000000e+02,8.106199999999995853e+00
3.680000000000000000e+02,8.080299999999999372e+00
3.690000000000000000e+02,8.091699999999999449e+00
3.700000000000000000e+02,8.060099999999998488e+00
3.710000000000000000e+02,8.072999999999996845e+00
3.720000000000000000e+02,8.105900000000001882e+00
3.730000000000000000e+02,8.143000000000000682e+00
3.740000000000000000e+02,8.134600000000000719e+00
3.750000000000000000e+02,8.140700000000000713e+00
3.760000000000000000e+02,8.141299999999999315e+00
3.770000000000000000e+02,8.195699999999998653e+00
3.780000000000000000e+02,8.197499999999999787e+00
3.790000000000000000e+02,8.189600000000002211e+00
3.800000000000000000e+02,8.197700000000001097e+00
3.810000000000000000e+02,8.269000000000001904e+00
3.820000000000000000e+02,8.278399999999999537e+00
3.830000000000000000e+02,8.264400000000000190e+00
3.840000000000000000e+02,8.274200000000000443e+00
3.850000000000000000e+02,8.306999999999995055e+00
3.860000000000000000e+02,8.314700000000001978e+00
3.870000000000000000e+02,8.306400000000005335e+00
3.880000000000000000e+02,8.326399999999997803e+00
3.890000000000000000e+02,8.364900000000000446e+00
3.900000000000000000e+02,8.349400000000001043e+00
3.910000000000000000e+02,8.380799999999995364e+00
3.920000000000000000e+02,8.386199999999998766e+00
3.930000000000000000e+02,8.418000000000001037e+00
3.940000000000000000e+02,8.400999999999998025e+00
3.950000000000000000e+02,8.413199999999999790e+00
3.960000000000000000e+02,8.439400000000000901e+00
3.970000000000000000e+02,8.457900000000005747e+00
3.980000000000000000e+02,8.447200000000004039e+00
3.990000000000000000e+02,8.509400000000001185e+00
4.000000000000000000e+02,8.546700000000001296e+00
4.010000000000000000e+02,8.579999999999998295e+00
4.020000000000000000e+02,8.585499999999996135e+00
4.030000000000000000e+02,8.636800000000000921e+00
4.040000000000000000e+02,8.661699999999997956e+00
4.050000000000000000e+02,8.667900000000001270e+00
4.060000000000000000e+02,8.725800000000006662e+00
4.070000000000000000e+02,8.734199999999997743e+00
4.080000000000000000e+02,8.739700000000000912e+00
4.090000000000000000e+02,8.698900000000003629e+00
4.100000000000000000e+02,8.681100000000002481e+00
4.110000000000000000e+02,8.694600000000004769e+00
4.120000000000000000e+02,8.698199999999998155e+00
4.130000000000000000e+02,8.726700000000001012e+00
4.140000000000000000e+02,8.718699999999994787e+00
4.150000000000000000e+02,8.715300000000002711e+00
4.160000000000000000e+02,8.704800000000000537e+00
4.170000000000000000e+02,8.719300000000000495e+00
4.180000000000000000e+02,8.683200000000001140e+00
4.190000000000000000e+02,8.676800000000000068e+00
4.200000000000000000e+02,8.686600000000003874e+00
4.210000000000000000e+02,8.690700000000003200e+00
4.220000000000000000e+02,8.715400000000000702e+00
4.230000000000000000e+02,8.701699999999998880e+00
4.240000000000000000e+02,8.673599999999995092e+00
4.250000000000000000e+02,8.683100000000003149e+00
4.260000000000000000e+02,8.699499999999998678e+00
4.270000000000000000e+02,8.698400000000001242e+00
4.280000000000000000e+02,8.763099999999997891e+00
4.290000000000000000e+02,8.790300000000002001e+00
4.300000000000000000e+02,8.814099999999998047e+00
4.310000000000000000e+02,8.788000000000000256e+00
4.320000000000000000e+02,8.813000000000002387e+00
4.330000000000000000e+02,8.850600000000003575e+00
4.340000000000000000e+02,8.873900000000002564e+00
4.350000000000000000e+02,8.897800000000000153e+00
4.360000000000000000e+02,8.890699999999997161e+00
4.370000000000000000e+02,8.944600000000001216e+00
4.380000000000000000e+02,8.950299999999998590e+00
4.390000000000000000e+02,8.974899999999996325e+00
4.400000000000000000e+02,8.932700000000004081e+00
4.410000000000000000e+02,8.959500000000003794e+00
4.420000000000000000e+02,9.014700000000003044e+00
4.430000000000000000e+02,9.013000000000001677e+00
4.440000000000000000e+02,9.014900000000000801e+00
4.450000000000000000e+02,9.047400000000004994e+00
4.460000000000000000e+02,9.057699999999998752e+00
4.470000000000000000e+02,9.108700000000004238e+00
4.480000000000000000e+02,9.085799999999995435e+00
4.490000000000000000e+02,9.064000000000000057e+00
4.500000000000000000e+02,9.079899999999994975e+00
4.510000000000000000e+02,9.071200000000001040e+00
4.520000000000000000e+02,9.111600000000001032e+00
4.530000000000000000e+02,9.115599999999997038e+00
4.540000000000000000e+02,9.143900000000000361e+00
4.550000000000000000e+02,9.169100000000000250e+00
4.560000000000000000e+02,9.182999999999998053e+00
4.570000000000000000e+02,9.205800000000003536e+00
4.580000000000000000e+02,9.222699999999999676e+00
4.590000000000000000e+02,9.203200000000000713e+00
4.600000000000000000e+02,9.263500000000002288e+00
4.610000000000000000e+02,9.223699999999997345e+00
4.620000000000000000e+02,9.274900000000000588e+00
4.630000000000000000e+02,9.291299999999999670e+00
4.640000000000000000e+02,9.296499999999999986e+00
4.650000000000000000e+02,9.265200000000000102e+00
4.660000000000000000e+02,9.287899999999998712e+00
4.670000000000000000e+02,9.307899999999998286e+00
4.680000000000000000e+02,9.342599999999999127e+00
4.690000000000000000e+02,9.343999999999997641e+00
4.700000000000000000e+02,9.277000000000001023e+00
4.710000000000000000e+02,9.330399999999997362e+00
4.720000000000000000e+02,9.329700000000002547e+00
4.730000000000000000e+02,9.409600000000001074e+00
4.740000000000000000e+02,9.396300000000001873e+00
4.750000000000000000e+02,9.405200000000002447e+00
4.760000000000000000e+02,9.381199999999999761e+00
4.770000000000000000e+02,9.406599999999999184e+00
4.780000000000000000e+02,9.416100000000000136e+00
4.790000000000000000e+02,9.399000000000002686e+00
4.800000000000000000e+02,9.424699999999999633e+00
4.810000000000000000e+02,9.449799999999996203e+00
4.820000000000000000e+02,9.453699999999999548e+00
4.830000000000000000e+02,9.526600000000001955e+00
4.840000000000000000e+02,9.489399999999998059e+00
4.850000000000000000e+02,9.509199999999999875e+00
4.860000000000000000e+02,9.518100000000000449e+00
4.870000000000000000e+02,9.514700000000001268e+00
4.880000000000000000e+02,9.537600000000002964e+00
4.890000000000000000e+02,9.544199999999998241e+00
4.900000000000000000e+02,9.536200000000000898e+00
4.910000000000000000e+02,9.542699999999998184e+00
4.920000000000000000e+02,9.543900000000000716e+00
4.930000000000000000e+02,9.574599999999998445e+00
4.940000000000000000e+02,9.623099999999999099e+00
4.950000000000000000e+02,9.629800000000003024e+00
4.960000000000000000e+02,9.658800000000001162e+00
4.970000000000000000e+02,9.684499999999998110e+00
4.980000000000000000e+02,9.714799999999998548e+00
4.990000000000000000e+02,9.755299999999998306e+00
5.000000000000000000e+02,9.778100000000000236e+00
5.010000000000000000e+02,9.813600000000002765e+00
5.020000000000000000e+02,9.780300000000000438e+00
5.030000000000000000e+02,9.785900000000001597e+00
5.040000000000000000e+02,9.719300000000002271e+00
5.050000000000000000e+02,9.717400000000001370e+00
5.060000000000000000e+02,9.724999999999997868e+00
5.070000000000000000e+02,9.690199999999997260e+00
5.080000000000000000e+02,9.706200000000004380e+00
5.090000000000000000e+02,9.757499999999998508e+00
5.100000000000000000e+02,9.770299999999998875e+00
5.110000000000000000e+02,9.773299999999998988e+00
5.120000000000000000e+02,9.811700000000003641e+00
5.130000000000000000e+02,9.791700000000000514e+00
5.140000000000000000e+02,9.807199999999999918e+00
5.150000000000000000e+02,9.842599999999999127e+00
5.160000000000000000e+02,9.813200000000001921e+00
5.170000000000000000e+02,9.795099999999992590e+00
5.180000000000000000e+02,9.798400000000000887e+00
5.190000000000000000e+02,9.807299999999997908e+00
5.200000000000000000e+02,9.840400000000002478e+00
5.210000000000000000e+02,9.865899999999998116e+00
5.220000000000000000e+02,9.892999999999998906e+00
5.230000000000000000e+02,9.912999999999998479e+00
5.240000000000000000e+02,9.878699999999998482e+00
5.250000000000000000e+02,9.888499999999996959e+00
5.260000000000000000e+02,9.861400000000001498e+00
5.270000000000000000e+02,9.833299999999999486e+00
5.280000000000000000e+02,9.903699999999993508e+00
5.290000000000000000e+02,9.948500000000002785e+00
5.300000000000000000e+02,9.935200000000000031e+00
5.310000000000000000e+02,9.961500000000000909e+00
5.320000000000000000e+02,9.938399999999997902e+00
5.330000000000000000e+02,9.999600000000004485e+00
5.340000000000000000e+02,9.989299999999996515e+00
5.350000000000000000e+02,9.989200000000000301e+00
5.360000000000000000e+02,1.001890000000000391e+01
5.370000000000000000e+02,1.002200000000000202e+01
5.380000000000000000e+02,1.009499999999999531e+01
5.390000000000000000e+02,1.007290000000000241e+01
5.400000000000000000e+02,1.010429999999999673e+01
5.410000000000000000e+02,1.010430000000000028e+01
5.420000000000000000e+02,1.014329999999999643e+01
5.430000000000000000e+02,1.015580000000000283e+01
5.440000000000000000e+02,1.018619999999999948e+01
5.450000000000000000e+02,1.022869999999999813e+01
5.460000000000000000e+02,1.023220000000000240e+01
5.470000000000000000e+02,1.018569999999999887e+01
5.480000000000000000e+02,1.019229999999999947e+01
5.490000000000000000e+02,1.015970000000000439e+01
5.500000000000000000e+02,1.018920000000000137e+01
5.510000000000000000e+02,1.016700000000000337e+01
5.520000000000000000e+02,1.022110000000000340e+01
5.530000000000000000e+02,1.021799999999999997e+01
5.540000000000000000e+02,1.019539999999999758e+01
5.550000000000000000e+02,1.024630000000000152e+01
5.560000000000000000e+02,1.028309999999999924e+01
5.570000000000000000e+02,1.028600000000000314e+01
5.580000000000000000e+02,1.032619999999999649e+01
5.590000000000000000e+02,1.037989999999999924e+01
5.600000000000000000e+02,1.037320000000000597e+01
5.610000000000000000e+02,1.040129999999999910e+01
5.620000000000000000e+02,1.040489999999999959e+01
5.630000000000000000e+02,1.042759999999999998e+01
5.640000000000000000e+02,1.041200000000000081e+01
5.650000000000000000e+02,1.041510000000000069e+01
5.660000000000000000e+02,1.042439999999999856e+01
5.670000000000000000e+02,1.041210000000000058e+01
5.680000000000000000e+02,1.039880000000000138e+01
5.690000000000000000e+02,1.042570000000000086e+01
5.700000000000000000e+02,1.042759999999999998e+01
5.710000000000000000e+02,1.043090000000000117e+01
5.720000000000000000e+02,1.043089999999999762e+01
5.730000000000000000e+02,1.044300000000000139e+01
5.740000000000000000e+02,1.046870000000000189e+01
5.750000000000000000e+02,1.039799999999999969e+01
5.760000000000000000e+02,1.037759999999999572e+01
5.770000000000000000e+02,1.039359999999999928e+01
5.780000000000000000e+02,1.044470000000000098e+01
5.790000000000000000e+02,1.049059999999999704e+01
5.800000000000000000e+02,1.047999999999999687e+01
5.810000000000000000e+02,1.048090000000000366e+01
5.820000000000000000e+02,1.051640000000000086e+01
5.830000000000000000e+02,1.052169999999999561e+01
5.840000000000000000e+02,1.050700000000000323e+01
5.850000000000000000e+02,1.046600000000000108e+01
5.860000000000000000e+02,1.047189999999999621e+01
5.870000000000000000e+02,1.047150000000000070e+01
5.880000000000000000e+02,1.045620000000000083e+01
5.890000000000000000e+02,1.044239999999999924e+01
5.900000000000000000e+02,1.042010000000000502e+01
5.910000000000000000e+02,1.045600000000000129e+01
5.920000000000000000e+02,1.045600000000000307e+01
5.930000000000000000e+02,1.046220000000000105e+01
5.940000000000000000e+02,1.045770000000000444e+01
5.950000000000000000e+02,1.045969999999999622e+01
5.960000000000000000e+02,1.051409999999999556e+01
5.970000000000000000e+02,1.054299999999999748e+01
5.980000000000000000e+02,1.055819999999999759e+01
5.990000000000000000e+02,1.056650000000000134e+01
6.000000000000000000e+02,1.060229999999999784e+01
6.010000000000000000e+02,1.064019999999999477e+01
6.020000000000000000e+02,1.068550000000000466e+01
6.030000000000000000e+02,1.066029999999999767e+01
6.040000000000000000e+02,1.066120000000000090e+01
6.050000000000000000e+02,1.066830000000000211e+01
6.060000000000000000e+02,1.071279999999999966e+01
6.070000000000000000e+02,1.074610000000000376e+01
6.080000000000000000e+02,1.072230000000000061e+01
6.090000000000000000e+02,1.066880000000000273e+01
6.100000000000000000e+02,1.068859999999999921e+01
6.110000000000000000e+02,1.072869999999999280e+01
6.120000000000000000e+02,1.073619999999999841e+01
6.130000000000000000e+02,1.072170000000000023e+01
6.140000000000000000e+02,1.074529999999999674e+01
6.150000000000000000e+02,1.076450000000000351e+01
6.160000000000000000e+02,1.076430000000000042e+01
6.170000000000000000e+02,1.077610000000000134e+01
6.180000000000000000e+02,1.081369999999999898e+01
6.190000000000000000e+02,1.077259999999999529e+01
6.200000000000000000e+02,1.075339999999999741e+01
6.210000000000000000e+02,1.079059999999999953e+01
6.220000000000000000e+02,1.078139999999999787e+01
6.230000000000000000e+02,1.078690000000000460e+01
6.240000000000000000e+02,1.080050000000000132e+01
6.250000000000000000e+02,1.081040000000000134e+01
6.260000000000000000e+02,1.083880000000000265e+01
6.270000000000000000e+02,1.087640000000000384e+01
6.280000000000000000e+02,1.088900000000000112e+01
6.290000000000000000e+02,1.088680000000000092e+01
6.300000000000000000e+02,1.089299999999999891e+01
6.310000000000000000e+02,1.092790000000000106e+01
6.320000000000000000e+02,1.095600000000000307e+01
6.330000000000000000e+02,1.101170000000000471e+01
6.340000000000000000e+02,1.098839999999999684e+01
6.350000000000000000e+02,1.100349999999999895e+01
6.360000000000000000e+02,1.107319999999999993e+01
6.370000000000000000e+02,1.106600000000000072e+01
6.380000000000000000e+02,1.106509999999999927e+01
6.390000000000000000e+02,1.109129999999999860e+01
6.400000000000000000e+02,1.108709999999999773e+01
6.410000000000000000e+02,1.117110000000000269e+01
6.420000000000000000e+02,1.116500000000000270e+01
6.430000000000000000e+02,1.117739999999999867e+01
6.440000000000000000e+02,1.122769999999999690e+01
6.450000000000000000e+02,1.120500000000000007e+01
6.460000000000000000e+02,1.118369999999999642e+01
6.470000000000000000e+02,1.112170000000000591e+01
6.480000000000000000e+02,1.112139999999999951e+01
6.490000000000000000e+02,1.117579999999999529e+01
6.500000000000000000e+02,1.118260000000000254e+01
6.510000000000000000e+02,1.120279999999999987e+01
6.520000000000000000e+02,1.120220000000000304e+01
6.530000000000000000e+02,1.119710000000000072e+01
6.540000000000000000e+02,1.121750000000000291e+01
6.550000000000000000e+02,1.114589999999999925e+01
6.560000000000000000e+02,1.115330000000000332e+01
6.570000000000000000e+02,1.115950000000000131e+01
6.580000000000000000e+02,1.117369999999999841e+01
6.590000000000000000e+02,1.117810000000000237e+01
6.600000000000000000e+02,1.117130000000000045e+01
6.610000000000000000e+02,1.121860000000000213e+01
6.620000000000000000e+02,1.116330000000000133e+01
6.630000000000000000e+02,1.125180000000000291e+01
6.640000000000000000e+02,1.126160000000000139e+01
6.650000000000000000e+02,1.130270000000000508e+01
6.660000000000000000e+02,1.132489999999999952e+01
6.670000000000000000e+02,1.135819999999999652e+01
6.680000000000000000e+02,1.131270000000000486e+01
6.690000000000000000e+02,1.139269999999999960e+01
6.700000000000000000e+02,1.144870000000000054e+01
6.710000000000000000e+02,1.148099999999999987e+01
6.720000000000000000e+02,1.145869999999999678e+01
6.730000000000000000e+02,1.145069999999999943e+01
6.740000000000000000e+02,1.144159999999999933e+01
6.750000000000000000e+02,1.141549999999999798e+01
6.760000000000000000e+02,1.143360000000000376e+01
6.770000000000000000e+02,1.145600000000000129e+01
6.780000000000000000e+02,1.144989999999999775e+01
6.790000000000000000e+02,1.145390000000000086e+01
6.800000000000000000e+02,1.148289999999999722e+01
6.810000000000000000e+02,1.147729999999999961e+01
6.820000000000000000e+02,1.143859999999999921e+01
6.830000000000000000e+02,1.142060000000000208e+01
6.840000000000000000e+02,1.143619999999999948e+01
6.850000000000000000e+02,1.145460000000000100e+01
6.860000000000000000e+02,1.150769999999999982e+01
6.870000000000000000e+02,1.150100000000000122e+01
6.880000000000000000e+02,1.149629999999999797e+01
6.890000000000000000e+02,1.152160000000000117e+01
6.900000000000000000e+02,1.154619999999999891e+01
6.910000000000000000e+02,1.156080000000000396e+01
6.920000000000000000e+02,1.152009999999999934e+01
6.930000000000000000e+02,1.142619999999999614e+01
6.940000000000000000e+02,1.139719999999999800e+01
6.950000000000000000e+02,1.140459999999999852e+01
6.960000000000000000e+02,1.143249999999999567e+01
6.970000000000000000e+02,1.145089999999999719e+01
6.980000000000000000e+02,1.140590000000000437e+01
6.990000000000000000e+02,1.135810000000000208e+01
7.000000000000000000e+02,1.140220000000000233e+01
7.010000000000000000e+02,1.143049999999999677e+01
7.020000000000000000e+02,1.141879999999999917e+01
7.030000000000000000e+02,1.144849999999999746e+01
7.040000000000000000e+02,1.142420000000000080e+01
7.050000000000000000e+02,1.139459999999999340e+01
7.060000000000000000e+02,1.141320000000000334e+01
7.070000000000000000e+02,1.144729999999999315e+01
7.080000000000000000e+02,1.145680000000000298e+01
7.090000000000000000e+02,1.146339999999999648e+01
7.100000000000000000e+02,1.149440000000000595e+01
7.110000000000000000e+02,1.147390000000000043e+01
7.120000000000000000e+02,1.142909999999999826e+01
7.130000000000000000e+02,1.144329999999999536e+01
7.140000000000000000e+02,1.140920000000000734e+01
7.150000000000000000e+02,1.144370000000000509e+01
7.160000000000000000e+02,1.143300000000000693e+01
7.170000000000000000e+02,1.134919999999999085e+01
7.180000000000000000e+02,1.138590000000000124e+01
7.190000000000000000e+02,1.134089999999999954e+01
7.200000000000000000e+02,1.137820000000000142e+01
7.210000000000000000e+02,1.142749999999999488e+01
7.220000000000000000e+02,1.146409999999999663e+01
7.230000000000000000e+02,1.139149999999999352e+01
7.240000000000000000e+02,1.143500000000000050e+01
7.250000000000000000e+02,1.149969999999999537e+01
7.260000000000000000e+02,1.150280000000000413e+01
7.270000000000000000e+02,1.154229999999999734e+01
7.280000000000000000e+02,1.163389999999999702e+01
7.290000000000000000e+02,1.160130000000000194e+01
7.300000000000000000e+02,1.160730000000000395e+01
7.310000000000000000e+02,1.161360000000000348e+01
7.320000000000000000e+02,1.163780000000000214e+01
7.330000000000000000e+02,1.161769999999999925e+01
7.340000000000000000e+02,1.162859999999999872e+01
7.350000000000000000e+02,1.158970000000000056e+01
7.360000000000000000e+02,1.160830000000000162e+01
7.370000000000000000e+02,1.160520000000000174e+01
7.380000000000000000e+02,1.158400000000000141e+01
7.390000000000000000e+02,1.158829999999999849e+01
7.400000000000000000e+02,1.156260000000000154e+01
7.410000000000000000e+02,1.158780000000000143e+01
7.420000000000000000e+02,1.158650000000000801e+01
7.430000000000000000e+02,1.156970000000000276e+01
7.440000000000000000e+02,1.155849999999999866e+01
7.450000000000000000e+02,1.152620000000000289e+01
7.460000000000000000e+02,1.152140000000000164e+01
7.470000000000000000e+02,1.154850000000000065e+01
7.480000000000000000e+02,1.154329999999999679e+01
7.490000000000000000e+02,1.156900000000000084e+01
7.500000000000000000e+02,1.160149999999999615e+01
7.510000000000000000e+02,1.164430000000000121e+01
7.520000000000000000e+02,1.168280000000000030e+01
7.530000000000000000e+02,1.168879999999999875e+01
7.540000000000000000e+02,1.173289999999999900e+01
7.550000000000000000e+02,1.174940000000000140e+01
7.560000000000000000e+02,1.175860000000000305e+01
7.570000000000000000e+02,1.176290000000000369e+01
7.580000000000000000e+02,1.175860000000000660e+01
7.590000000000000000e+02,1.173620000000000729e+01
7.600000000000000000e+02,1.175339999999999741e+01
7.610000000000000000e+02,1.176609999999999978e+01
7.620000000000000000e+02,1.175939999999999586e+01
7.630000000000000000e+02,1.168930000000000291e+01
7.640000000000000000e+02,1.176199999999999868e+01
7.650000000000000000e+02,1.176129999999998965e+01
7.660000000000000000e+02,1.174619999999999642e+01
7.670000000000000000e+02,1.182469999999999999e+01
7.680000000000000000e+02,1.184570000000000078e+01
7.690000000000000000e+02,1.189109999999999978e+01
7.700000000000000000e+02,1.185260000000000247e+01
7.710000000000000000e+02,1.185490000000000421e+01
7.720000000000000000e+02,1.186139999999999617e+01
7.730000000000000000e+02,1.179219999999999757e+01
7.740000000000000000e+02,1.182289999999999530e+01
7.750000000000000000e+02,1.186989999999999768e+01
7.760000000000000000e+02,1.187499999999999822e+01
7.770000000000000000e+02,1.188039999999999452e+01
7.780000000000000000e+02,1.189980000000000082e+01
7.790000000000000000e+02,1.192490000000000627e+01
7.800000000000000000e+02,1.192580000000000240e+01
7.810000000000000000e+02,1.192480000000000295e+01
7.820000000000000000e+02,1.193999999999999950e+01
7.830000000000000000e+02,1.196120000000000161e+01
7.840000000000000000e+02,1.192889999999999340e+01
7.850000000000000000e+02,1.195479999999999876e+01
7.860000000000000000e+02,1.194540000000000113e+01
7.870000000000000000e+02,1.200529999999999298e+01
7.880000000000000000e+02,1.195349999999999824e+01
7.890000000000000000e+02,1.191690000000000005e+01
7.900000000000000000e+02,1.190080000000000204e+01
7.910000000000000000e+02,1.190850000000001252e+01
7.920000000000000000e+02,1.197099999999999831e+01
7.930000000000000000e+02,1.189520000000000444e+01
7.940000000000000000e+02,1.192070000000000007e+01
7.950000000000000000e+02,1.192759999999999465e+01
7.960000000000000000e+02,1.193729999999999869e+01
7.970000000000000000e+02,1.197190000000001042e+01
7.980000000000000000e+02,1.201949999999999541e+01
7.990000000000000000e+02,1.200220000000000020e+01
8.000000000000000000e+02,1.197189999999999799e+01
8.010000000000000000e+02,1.198840000000000394e+01
8.020000000000000000e+02,1.203189999999999849e+01
8.030000000000000000e+02,1.200100000000000122e+01
8.040000000000000000e+02,1.194540000000000113e+01
8.050000000000000000e+02,1.195920000000000094e+01
8.060000000000000000e+02,1.193620000000000125e+01
8.070000000000000000e+02,1.197539999999999694e+01
8.080000000000000000e+02,1.198420000000000307e+01
8.090000000000000000e+02,1.203960000000000008e+01
8.100000000000000000e+02,1.198259999999999970e+01
8.110000000000000000e+02,1.199349999999999916e+01
8.120000000000000000e+02,1.203900000000000148e+01
8.130000000000000000e+02,1.206850000000000200e+01
8.140000000000000000e+02,1.211670000000000336e+01
8.150000000000000000e+02,1.216430000000000078e+01
8.160000000000000000e+02,1.212040000000000362e+01
8.170000000000000000e+02,1.211839999999999407e+01
8.180000000000000000e+02,1.210969999999999835e+01
8.190000000000000000e+02,1.215450000000000053e+01
8.200000000000000000e+02,1.215699999999999648e+01
8.210000000000000000e+02,1.209979999999999478e+01
8.220000000000000000e+02,1.207940000000000325e+01
8.230000000000000000e+02,1.204800000000000360e+01
8.240000000000000000e+02,1.205950000000000522e+01
8.250000000000000000e+02,1.209879999999999889e+01
8.260000000000000000e+02,1.206479999999999997e+01
8.270000000000000000e+02,1.209469999999999779e+01
8.280000000000000000e+02,1.206140000000000256e+01
8.290000000000000000e+02,1.209390000000000143e+01
8.300000000000000000e+02,1.213660000000000316e+01
8.310000000000000000e+02,1.216479999999999784e+01
8.320000000000000000e+02,1.213010000000000232e+01
8.330000000000000000e+02,1.209969999999999501e+01
8.340000000000000000e+02,1.219890000000000185e+01
8.350000000000000000e+02,1.222520000000000273e+01
8.360000000000000000e+02,1.221849999999999881e+01
8.370000000000000000e+02,1.224109999999999943e+01
8.380000000000000000e+02,1.224609999999999843e+01
8.390000000000000000e+02,1.218650000000000055e+01
8.400000000000000000e+02,1.219159999999999933e+01
8.410000000000000000e+02,1.218159999999999421e+01
8.420000000000000000e+02,1.219149999999999245e+01
8.430000000000000000e+02,1.222360000000000824e+01
8.440000000000000000e+02,1.218660000000000387e+01
8.450000000000000000e+02,1.219830000000000680e+01
8.460000000000000000e+02,1.216330000000000311e+01
8.470000000000000000e+02,1.223449999999999172e+01
8.480000000000000000e+02,1.224549999999999805e+01
8.490000000000000000e+02,1.221560000000000024e+01
8.500000000000000000e+02,1.226140000000000185e+01
8.510000000000000000e+02,1.227300000000000324e+01
8.520000000000000000e+02,1.230070000000000086e+01
8.530000000000000000e+02,1.224630000000000152e+01
8.540000000000000000e+02,1.224110000000000298e+01
8.550000000000000000e+02,1.226129999999999676e+01
8.560000000000000000e+02,1.223230000000000040e+01
8.570000000000000000e+02,1.225209999999999333e+01
8.580000000000000000e+02,1.229189999999999827e+01
8.590000000000000000e+02,1.228180000000000049e+01
8.600000000000000000e+02,1.226239999999999775e+01
8.610000000000000000e+02,1.224310000000000542e+01
8.620000000000000000e+02,1.225260000000000282e+01
8.630000000000000000e+02,1.225609999999999644e+01
8.640000000000000000e+02,1.228929999999999545e+01
8.650000000000000000e+02,1.226760000000000161e+01
8.660000000000000000e+02,1.227959999999999852e+01
8.670000000000000000e+02,1.234189999999999188e+01
8.680000000000000000e+02,1.235440000000000360e+01
8.690000000000000000e+02,1.237300000000000466e+01
8.700000000000000000e+02,1.237950000000000017e+01
8.710000000000000000e+02,1.246550000000000225e+01
8.720000000000000000e+02,1.251130000000000031e+01
8.730000000000000000e+02,1.250549999999999784e+01
8.740000000000000000e+02,1.251869999999999905e+01
8.750000000000000000e+02,1.247629999999999839e+01
8.760000000000000000e+02,1.246209999999999951e+01
8.770000000000000000e+02,1.249410000000000132e+01
8.780000000000000000e+02,1.248349999999999760e+01
8.790000000000000000e+02,1.250250000000000306e+01
8.800000000000000000e+02,1.259160000000000323e+01
8.810000000000000000e+02,1.253980000000000672e+01
8.820000000000000000e+02,1.259549999999999059e+01
8.830000000000000000e+02,1.254400000000000048e+01
8.840000000000000000e+02,1.259329999999999927e+01
8.850000000000000000e+02,1.252589999999999648e+01
8.860000000000000000e+02,1.250660000000000238e+01
8.870000000000000000e+02,1.255350000000000321e+01
8.880000000000000000e+02,1.258669999999999689e+01
8.890000000000000000e+02,1.257599999999999874e+01
8.900000000000000000e+02,1.252190000000000225e+01
8.910000000000000000e+02,1.250929999999999431e+01
8.920000000000000000e+02,1.254650000000000354e+01
8.930000000000000000e+02,1.255590000000000117e+01
8.940000000000000000e+02,1.262100000000000222e+01
8.950000000000000000e+02,1.254499999999999993e+01
8.960000000000000000e+02,1.253089999999999726e+01
8.970000000000000000e+02,1.257069999999999688e+01
8.980000000000000000e+02,1.258420000000000272e+01
8.990000000000000000e+02,1.251119999999999877e+01
9.000000000000000000e+02,1.257750000000000057e+01
9.010000000000000000e+02,1.259859999999999403e+01
9.020000000000000000e+02,1.253500000000000192e+01
9.030000000000000000e+02,1.253820000000000157e+01
9.040000000000000000e+02,1.258320000000000149e+01
9.050000000000000000e+02,1.255480000000000018e+01
9.060000000000000000e+02,1.253609999999999758e+01
9.070000000000000000e+02,1.255300000000000438e+01
9.080000000000000000e+02,1.259309999999999796e+01
9.090000000000000000e+02,1.253659999999999641e+01
9.100000000000000000e+02,1.259050000000000402e+01
9.110000000000000000e+02,1.261779999999999902e+01
9.120000000000000000e+02,1.262319999999999887e+01
9.130000000000000000e+02,1.254369999999999941e+01
9.140000000000000000e+02,1.254979999999999052e+01
9.150000000000000000e+02,1.253409999999999336e+01
9.160000000000000000e+02,1.253129999999999633e+01
9.170000000000000000e+02,1.251469999999999771e+01
9.180000000000000000e+02,1.257039999999999935e+01
9.190000000000000000e+02,1.256970000000000098e+01
9.200000000000000000e+02,1.260739999999999839e+01
9.210000000000000000e+02,1.257540000000000369e+01
9.220000000000000000e+02,1.261209999999999631e+01
9.230000000000000000e+02,1.260620000000000296e+01
9.240000000000000000e+02,1.258840000000000181e+01
9.250000000000000000e+02,1.262990000000000279e+01
9.260000000000000000e+02,1.264489999999999803e+01
9.270000000000000000e+02,1.257850000000000179e+01
9.280000000000000000e+02,1.257319999999999638e+01
9.290000000000000000e+02,1.261160000000000103e+01
9.300000000000000000e+02,1.264789999999999992e+01
9.310000000000000000e+02,1.262909999999999577e+01
9.320000000000000000e+02,1.269239999999999924e+01
9.330000000000000000e+02,1.270989999999999931e+01
9.340000000000000000e+02,1.264680000000000071e+01
9.350000000000000000e+02,1.266389999999999816e+01
9.360000000000000000e+02,1.267259999999999920e+01
9.370000000000000000e+02,1.268910000000000160e+01
9.380000000000000000e+02,1.275560000000000471e+01
9.390000000000000000e+02,1.277020000000000621e+01
9.400000000000000000e+02,1.276560000000000450e+01
9.410000000000000000e+02,1.279350000000000165e+01
9.420000000000000000e+02,1.279460000000000441e+01
9.430000000000000000e+02,1.280969999999999764e+01
9.440000000000000000e+02,1.284730000000000238e+01
9.450000000000000000e+02,1.285590000000000543e+01
9.460000000000000000e+02,1.288980000000000459e+01
9.470000000000000000e+02,1.288480000000000025e+01
9.480000000000000000e+02,1.290400000000000347e+01
9.490000000000000000e+02,1.294859999999999367e+01
9.500000000000000000e+02,1.292889999999999340e+01
9.510000000000000000e+02,1.301849999999999596e+01
9.520000000000000000e+02,1.293619999999999592e+01
9.530000000000000000e+02,1.287859999999999872e+01
9.540000000000000000e+02,1.286749999999999794e+01
9.550000000000000000e+02,1.288709999999999845e+01
9.560000000000000000e+02,1.293349999999999866e+01
9.570000000000000000e+02,1.297509999999999941e+01
9.580000000000000000e+02,1.297710000000000008e+01
9.590000000000000000e+02,1.298960000000000115e+01
9.600000000000000000e+02,1.300680000000000369e+01
9.610000000000000000e+02,1.301620000000000132e+01
9.620000000000000000e+02,1.302060000000000350e+01
9.630000000000000000e+02,1.302249999999999552e+01
9.640000000000000000e+02,1.304770000000000252e+01
9.650000000000000000e+02,1.303999999999999382e+01
9.660000000000000000e+02,1.304430000000000689e+01
9.670000000000000000e+02,1.308989999999999299e+01
9.680000000000000000e+02,1.304880000000000351e+01
9.690000000000000000e+02,1.305189999999999628e+01
9.700000000000000000e+02,1.305020000000000380e+01
9.710000000000000000e+02,1.309159999999998725e+01
9.720000000000000000e+02,1.309120000000000061e+01
9.730000000000000000e+02,1.318410000000000082e+01
9.740000000000000000e+02,1.320550000000000246e+01
9.750000000000000000e+02,1.320410000000000572e+01
9.760000000000000000e+02,1.324189999999999223e+01
9.770000000000000000e+02,1.323389999999999844e+01
9.780000000000000000e+02,1.326960000000000228e+01
9.790000000000000000e+02,1.329690000000000261e+01
9.800000000000000000e+02,1.333970000000000411e+01
9.810000000000000000e+02,1.332260000000000488e+01
9.820000000000000000e+02,1.337419999999999654e+01
9.830000000000000000e+02,1.341659999999999897e+01
9.840000000000000000e+02,1.338209999999999589e+01
9.850000000000000000e+02,1.341949999999999754e+01
9.860000000000000000e+02,1.343649999999999345e+01
9.870000000000000000e+02,1.346899999999999942e+01
9.880000000000000000e+02,1.347150000000000070e+01
9.890000000000000000e+02,1.350819999999999865e+01
9.900000000000000000e+02,1.353840000000000110e+01
9.910000000000000000e+02,1.353770000000000273e+01
9.920000000000000000e+02,1.352170000000000272e+01
9.930000000000000000e+02,1.359029999999999738e+01
9.940000000000000000e+02,1.359149999999999814e+01
9.950000000000000000e+02,1.358689999999999642e+01
9.960000000000000000e+02,1.360419999999999696e+01
9.970000000000000000e+02,1.362470000000000248e+01
9.980000000000000000e+02,1.358910000000000018e+01
9.990000000000000000e+02,1.357650000000000112e+01
1.000000000000000000e+03,1.355509999999999948e+01
